Address, Coins, Amount, Last Price, Total Value
n4VQ5YdHf7hLQ2gWQYYrcxoE5B7nWuDFNF,BTC,136.60035472,16947.57,2315044.0736420304
n4VQ5YdHf7hLQ2gWQYYrcxoE5B7nWuDFNF,BTC,136.60035472,16947.57,2315044.0736420304
n4VQ5YdHf7hLQ2gWQYYrcxoE5B7nWuDFNF,BTC,136.60035472,16947.57,2315044.0736420304
n4VQ5YdHf7hLQ2gWQYYrcxoE5B7nWuDFNF,BTC,136.60194706,17070.85,2331911.3479692005
n4VQ5YdHf7hLQ2gWQYYrcxoE5B7nWuDFNF,BTC,136.60194706,17064.15,2330996.114923899
n4VQ5YdHf7hLQ2gWQYYrcxoE5B7nWuDFNF,BTC,136.60194706,17064.15,2330996.114923899
n4VQ5YdHf7hLQ2gWQYYrcxoE5B7nWuDFNF,BTC,136.60194706,17067.16,2331407.286784549
0x00000000219ab540356cbb839cbe05303d7705fa,ETH,2043.49274368601,1294.13,2644545.2643863764
0x00000000219ab540356cbb839cbe05303d7705fa,ETH,2043.49274368601,1294.13,2644545.2643863764
0x00000000219ab540356cbb839cbe05303d7705fa,ETH,2043.49274368601,1294.47,2645240.0519192293
0x00000000219ab540356cbb839cbe05303d7705fa,ETH,2043.49274368601,1294.47,2645240.0519192293
0x00000000219ab540356cbb839cbe05303d7705fa,ETH,2043.49274368601,1294.47,2645240.0519192293
0x00000000219ab540356cbb839cbe05303d7705fa,ETH,2043.49274368601,1294.47,2645240.0519192293
0x00000000219ab540356cbb839cbe05303d7705fa,ETH,2043.49274368601,1294.47,2645240.0519192293
n4VQ5YdHf7hLQ2gWQYYrcxoE5B7nWuDFNF,BTC,136.60194706,16964.84,2317430.1755613703
n4VQ5YdHf7hLQ2gWQYYrcxoE5B7nWuDFNF,BTC,136.60194706,16964.84,2317430.1755613703
n4VQ5YdHf7hLQ2gWQYYrcxoE5B7nWuDFNF,BTC,136.60194706,16942.83,2314423.56670658
n4VQ5YdHf7hLQ2gWQYYrcxoE5B7nWuDFNF,BTC,136.60194706,16942.83,2314423.56670658
n4VQ5YdHf7hLQ2gWQYYrcxoE5B7nWuDFNF,BTC,136.60194706,16942.83,2314423.56670658
n4VQ5YdHf7hLQ2gWQYYrcxoE5B7nWuDFNF,BTC,136.60194706,16942.83,2314423.56670658
n4VQ5YdHf7hLQ2gWQYYrcxoE5B7nWuDFNF,BTC,136.60194706,16942.83,2314423.5667065796
